{
    "cn": {
        "aboutme": "关于我",
        "name": "姓名",
        "en_name": "英文",
        "gender": "性别",
        "marry": "婚否",
        "address": "住址",
        "status": "工作状态",
        "wish": "状态",
        "job_title": "当前职位",
        "mainly_skill": "当前技术",
        "target_city": "目标城市",
        "experience": "工作年限",
        "school": "学校",
        "date": "时间",
        "speciality": "专业",
        "diploma": "学历",
        "comments": "备注",
        "base_info": "基本信息",
        "school_history": "教育情况",
        "personal_description": "自我介绍及评价",
        "mainly_skills": "主要技能",
        "job_history": "任职经历",
        "project_history": "项目经历",
        "skill_training": "技能培训",
        "job": "职位",
        "job_description": "工作内容",
        "now": "至今",
        "environment": "系统运行环境",
        "skills": "主要开发技术",
        "tools": "主要开发工具",
        "job_content": "主要工作职责",
        "description": "项目及工作内容介绍",
        "year": "年",
        "comment": "描述"
    },
    "en": {
        "aboutme": "AboutMe",
        "name": "Name",
        "en_name": "English Name",
        "gender": "Gender",
        "marry": "Marry",
        "address": "Address",
        "status": "Status",
        "wish": "Wish",
        "job_title": "Job Title",
        "mainly_skill": "Current Skills",
        "target_city": "Target City",
        "experience": "Experience",
        "school": "School",
        "date": "Date",
        "speciality": "Speciality",
        "diploma": "Diploma",
        "comments": "Comments",
        "base_info": "Base Info",
        "school_history": "University",
        "personal_description": "Personal&Description",
        "mainly_skills": "Mainly Skills",
        "job_history": "Job History",
        "project_history": "Projects History",
        "skill_training": "Training",
        "job": "Job Title",
        "job_description": "Description",
        "now": "Now",
        "environment": "Environment",
        "skills": "Skills",
        "tools": "Tools",
        "job_content": "Job Content",
        "description": "Description",
        "year": "Year",
        "comment": "Comments"
    }
}